Workbook
Name Slicer_Department: #N/A
Name Slicer_Performance_Score: #N/A
Name Slicer_Position: #N/A
Name Slicer_Year: #N/A

Sheet Sheet1
A3: Average of Age | B3: Count of Name | C3: Average of Salary | D3: Average of Performance _Score_Range
A4: 35.802616 | B4: 1000 | C4: 60216.086 | D4: 3.017
A6: Key Indicators
A7: Age | B7: 35.802616
A8: Salary | B8: 60216.086
A9: Employees | B9: 1000 | D9: Row Labels | H9: Average of Performance _Score_Range
D10: 2018 | G10: Finance | H10: 2.9495413
D11: 2019 | G11: HR | H11: 2.93
A12: year | B12: average salary | C12: salary growth | D12: 2020 | G12: IT | H12: 3.1502591
A13: 2018 | B13: 59233.129 | D13: Grand Total | G13: Marketing | H13: 3.1764706
A14: 2019 | B14: 60787.781 | C14: =(B14-B13)/B13 -> 0.026246335 | G14: Sales | H14: 2.9009901
A15: 2020 | B15: 60167.131 | C15: =(B15-B14)/B14 -> -0.010210118 | G15: Grand Total | H15: 3.017
A18: Salary Compression | B18: =(B15-B13)/B13 -> 0.015768238 | D18: Row Labels | E18: Average of Salary | G18: Row Labels
D19: Analyst | E19: 60146.199 | G19: A
A20: Row Labels | B20: Average of Salary | D20: Assistant | E20: 59742.857 | G20: B
A21: Finance | B21: 59971.591 | D21: Clerk | E21: 60029.762 | G21: C
A22: HR | B22: 60261.628 | D22: Director | E22: 60920.245 | G22: D
A23: IT | B23: 59756.098 | D23: Manager | E23: 60288.462 | G23: F
A24: Marketing | B24: 60065.359 | D24: Grand Total | E24: 60216.086 | G24: Grand Total | H24: Row Labels | I24: Average of Salary
A25: Sales | B25: 61011.905 | H25: Finance | I25: 59971.591
A26: Grand Total | B26: 60216.086 | D26: Row Labels | E26: Count of Name | H26: HR | I26: 60261.628
D27: A | E27: 193 | H27: IT | I27: 59756.098
D28: B | E28: 225 | H28: Marketing | I28: 60065.359
A29: Row Labels | B29: Count of Name | D29: C | E29: 192 | H29: Sales | I29: 61011.905
A30: Female | B30: 313 | D30: D | E30: 189 | H30: Grand Total | I30: 60216.086
A31: Male | B31: 355 | D31: F | E31: 201
A32: Other | B32: 332 | D32: Grand Total | E32: 1000
A33: Grand Total | B33: 1000 | F33: Row Labels | G33: Average of Salary | I33: Row Labels | J33: Average of Salary
F34: 1 | G34: 60327.381 | I34: A | J34: 60156.25
A35: Row Labels | F35: 2 | G35: 60090.909 | I35: B | J35: 60638.298
A36: 25 | F36: 3 | G36: 59705.882 | I36: C | J36: 59705.882
A37: 30 | F37: 4 | G37: 60638.298 | I37: D | J37: 60152.439
A38: 35 | F38: 5 | G38: 60220.126 | I38: F | J38: 60327.381
A39: 40 | F39: Grand Total | G39: 60216.086 | I39: Grand Total | J39: 60216.086
A40: 50
A42: Grand Total
C43: Row Labels | D43: Average of Performance _Score_Range | F43: Row Labels | G43: Average of Salary
C44: 2018 | D44: 3.0053763 | F44: 2018 | G44: 59233.129
C45: 2019 | D45: 2.9766234 | F45: 2019 | G45: 60787.781
C46: 2020 | D46: 3.0582751 | F46: 2020 | G46: 60167.131
C47: Grand Total | D47: 3.017 | F47: Grand Total | G47: 60216.086
D53: Row Labels | E53: Count of Name | G53: Row Labels | H53: Count of Name
D54: 2018 | E54: 186 | G54: A | H54: 193
D55: 2019 | E55: 385 | G55: B | H55: 225
D56: 2020 | E56: 429 | G56: C | H56: 192
D57: Grand Total | E57: 1000 | G57: D | H57: 189
G58: F | H58: 201
G59: Grand Total | H59: 1000
E65: Row Labels | F65: Count of Name
E66: 25 | F66: 171
E67: 30 | F67: 176
E68: 35 | F68: 163
E69: 40 | F69: 170
E70: 50 | F70: 161
F71: 159
E72: Grand Total | F72: 1000
C75: Row Labels | D75: Average of Salary
C76: 2018 | D76: 59233.129
C77: 2019 | D77: 60787.781
C78: 2020 | D78: 60167.131
C79: Grand Total | D79: 60216.086

Sheet Dashboard

Sheet messy_HR_data_Cleaned
A1: Name | B1: Age | C1: Salary | D1: Gender | E1: Department | F1: Position | G1: Year | H1: Joining Date | I1: Month | J1: Performance Score | K1: Performance _Score_Range | L1: Salary Performance
A2: Grace | B2: 25 | C2: 50000 | D2: Male | E2: HR | F2: Manager | G2: 2018 | H2: 43195 | I2: April | J2: D | K2: 2 | L2: =IF(AND(C2> Sheet1!B8,K2<3), "Misaligned","Aligned") -> Aligned
A3: David | C3: 65000 | D3: Female | E3: Finance | F3: Director | G3: 2020 | H3: 43881 | I3: February | J3: F | K3: 1 | L3: =IF(AND(C3> Sheet1!B9,K3<3), "Misaligned","Aligned") -> Misaligned
A4: Hannah | B4: 35 | C4: 60000 | D4: Female | E4: Sales | F4: Director | G4: 2020 | H4: 43845 | I4: January | J4: C | K4: 3 | L4: =IF(AND(C4> Sheet1!B10,K4<3), "Misaligned","Aligned") -> Aligned
A5: Eve | C5: 50000 | D5: Female | E5: IT | F5: Manager | G5: 2018 | H5: 43195 | I5: April | J5: A | K5: 5 | L5: =IF(AND(C5> Sheet1!B11,K5<3), "Misaligned","Aligned") -> Aligned
A6: Grace | D6: Female | E6: Finance | F6: Manager | G6: 2020 | H6: 43845 | I6: January | J6: F | K6: 1 | L6: =IF(AND(C6> Sheet1!B12,K6<3), "Misaligned","Aligned") -> Aligned
A7: Jack | C7: 65000 | D7: Other | E7: Marketing | F7: Director | G7: 2019 | H7: 43549 | I7: March | J7: F | K7: 1 | L7: =IF(AND(C7> Sheet1!B13,K7<3), "Misaligned","Aligned") -> Misaligned
A8: Charlie | C8: 50000 | D8: Male | E8: Marketing | F8: Clerk | G8: 2019 | H8: 43800 | I8: December | J8: B | K8: 4 | L8: =IF(AND(C8> Sheet1!B14,K8<3), "Misaligned","Aligned") -> Aligned
A9: Grace | B9: 40 | C9: 50000 | D9: Other | E9: HR | F9: Director | G9: 2019 | H9: 43549 | I9: March | J9: C | K9: 3 | L9: =IF(AND(C9> Sheet1!B15,K9<3), "Misaligned","Aligned") -> Aligned
A10: Hannah | B10: 40 | C10: 60000 | D10: Female | E10: Marketing | F10: Manager | G10: 2020 | H10: 43845 | I10: January | J10: C | K10: 3 | L10: =IF(AND(C10> Sheet1!B16,K10<3), "Misaligned","Aligned") -> Aligned
A11: Eve | B11: 30 | D11: Other | E11: Finance | F11: Assistant | G11: 2020 | H11: 43881 | I11: February | J11: A | K11: 5 | L11: =IF(AND(C11> Sheet1!B17,K11<3), "Misaligned","Aligned") -> Aligned
A12: David | B12: 25 | C12: 70000 | D12: Male | E12: Marketing | F12: Analyst | G12: 2019 | H12: 43800 | I12: December | J12: B | K12: 4 | L12: =IF(AND(C12> Sheet1!B18,K12<3), "Misaligned","Aligned") -> Aligned
A13: Hannah | C13: 70000 | D13: Other | E13: Finance | F13: Assistant | G13: 2019 | H13: 43549 | I13: March | J13: A | K13: 5 | L13: =IF(AND(C13> Sheet1!B19,K13<3), "Misaligned","Aligned") -> Aligned
A14: Hannah | B14: 30 | C14: 50000 | D14: Male | E14: IT | F14: Assistant | G14: 2018 | H14: 43195 | I14: April | J14: D | K14: 2 | L14: =IF(AND(C14> Sheet1!B20,K14<3), "Misaligned","Aligned") -> Aligned
A15: Charlie | B15: 25 | C15: 55000 | D15: Other | E15: HR | F15: Manager | G15: 2020 | H15: 43881 | I15: February | J15: F | K15: 1 | L15: =IF(AND(C15> Sheet1!B21,K15<3), "Misaligned","Aligned") -> Aligned
A16: Frank | B16: 50 | D16: Male | E16: Marketing | F16: Director | G16: 2019 | H16: 43549 | I16: March | J16: A | K16: 5 | L16: =IF(AND(C16> Sheet1!B22,K16<3), "Misaligned","Aligned") -> Aligned
A17: Eve | B17: 35 | C17: 65000 | D17: Male | E17: Finance | F17: Clerk | G17: 2018 | H17: 43195 | I17: April | J17: F | K17: 1 | L17: =IF(AND(C17> Sheet1!B23,K17<3), "Misaligned","Aligned") -> Misaligned
A18: Bob | B18: 40 | C18: 55000 | D18: Female | E18: Sales | F18: Assistant | G18: 2020 | H18: 43845 | I18: January | J18: B | K18: 4 | L18: =IF(AND(C18> Sheet1!B24,K18<3), "Misaligned","Aligned") -> Aligned
A19: Hannah | B19: 50 | C19: 55000 | D19: Male | E19: HR | F19: Director | G19: 2018 | H19: 43195 | I19: April | J19: D | K19: 2 | L19: =IF(AND(C19> Sheet1!B25,K19<3), "Misaligned","Aligned") -> Aligned
A20: Frank | B20: 25 | D20: Female | E20: IT | F20: Clerk | G20: 2019 | H20: 43549 | I20: March | J20: B | K20: 4 | L20: =IF(AND(C20> Sheet1!B26,K20<3), "Misaligned","Aligned") -> Aligned
A21: Bob | B21: 50 | C21: 50000 | D21: Female | E21: Finance | F21: Assistant | G21: 2019 | H21: 43549 | I21: March | J21: A | K21: 2 | L21: =IF(AND(C21> Sheet1!B27,K21<3), "Misaligned","Aligned") -> Misaligned
A22: Eve | B22: 35 | C22: 50000 | D22: Female | E22: IT | F22: Clerk | G22: 2020 | H22: 43845 | I22: January | J22: D | K22: 2 | L22: =IF(AND(C22> Sheet1!B28,K22<3), "Misaligned","Aligned") -> Misaligned
A23: Alice | B23: 25 | C23: 50000 | D23: Other | E23: IT | F23: Director | G23: 2018 | H23: 43195 | I23: April | J23: F | K23: 1 | L23: =IF(AND(C23> Sheet1!B29,K23<3), "Misaligned","Aligned") -> Aligned
A24: Jack | B24: 50 | C24: 50000 | D24: Other | E24: Marketing | F24: Analyst | G24: 2018 | H24: 43195 | I24: April | J24: B | K24: 4 | L24: =IF(AND(C24> Sheet1!B30,K24<3), "Misaligned","Aligned") -> Aligned
A25: Frank | B25: 40 | C25: 70000 | D25: Other | E25: Marketing | F25: Director | G25: 2020 | H25: 43845 | I25: January | J25: B | K25: 4 | L25: =IF(AND(C25> Sheet1!B31,K25<3), "Misaligned","Aligned") -> Aligned
A26: Ivy | B26: 40 | C26: 50000 | D26: Other | E26: Finance | F26: Manager | G26: 2018 | H26: 43195 | I26: April | J26: A | K26: 5 | L26: =IF(AND(C26> Sheet1!B32,K26<3), "Misaligned","Aligned") -> Aligned
A27: Alice | B27: 30 | C27: 70000 | D27: Male | E27: Sales | F27: Clerk | G27: 2020 | H27: 43845 | I27: January | J27: B | K27: 4 | L27: =IF(AND(C27> Sheet1!B33,K27<3), "Misaligned","Aligned") -> Aligned
A28: Jack | B28: 50 | C28: 70000 | D28: Male | E28: Finance | F28: Analyst | G28: 2020 | H28: 43881 | I28: February | J28: A | K28: 5 | L28: =IF(AND(C28> Sheet1!B34,K28<3), "Misaligned","Aligned") -> Aligned
A29: Charlie | C29: 50000 | D29: Other | E29: Sales | F29: Clerk | G29: 2019 | H29: 43549 | I29: March | J29: C | K29: 3 | L29: =IF(AND(C29> Sheet1!B35,K29<3), "Misaligned","Aligned") -> Aligned
A30: Grace | B30: 50 | C30: 60000 | D30: Male | E30: IT | F30: Clerk | G30: 2020 | H30: 43881 | I30: February | J30: C | K30: 3 | L30: =IF(AND(C30> Sheet1!B36,K30<3), "Misaligned","Aligned") -> Aligned
A31: David | B31: 25 | C31: 65000 | D31: Male | E31: HR | F31: Assistant | G31: 2019 | H31: 43800 | I31: December | J31: C | K31: 3 | L31: =IF(AND(C31> Sheet1!B37,K31<3), "Misaligned","Aligned") -> Aligned
A32: Ivy | B32: 25 | C32: 55000 | D32: Female | E32: Finance | F32: Manager | G32: 2019 | H32: 43800 | I32: December | J32: B | K32: 4 | L32: =IF(AND(C32> Sheet1!B38,K32<3), "Misaligned","Aligned") -> Aligned
A33: Charlie | B33: 50 | C33: 70000 | D33: Female | E33: Finance | F33: Clerk | G33: 2019 | H33: 43800 | I33: December | J33: B | K33: 4 | L33: =IF(AND(C33> Sheet1!B39,K33<3), "Misaligned","Aligned") -> Aligned
A34: Eve | B34: 35 | D34: Female | E34: Sales | F34: Director | G34: 2020 | H34: 43845 | I34: January | J34: A | K34: 5 | L34: =IF(AND(C34> Sheet1!B40,K34<3), "Misaligned","Aligned") -> Aligned
A35: Charlie | B35: 40 | D35: Female | E35: IT | F35: Director | G35: 2018 | H35: 43195 | I35: April | J35: D | K35: 2 | L35: =IF(AND(C35> Sheet1!B41,K35<3), "Misaligned","Aligned") -> Misaligned
A36: Grace | B36: 25 | C36: 65000 | D36: Male | E36: IT | F36: Assistant | G36: 2020 | H36: 43881 | I36: February | J36: A | K36: 5 | L36: =IF(AND(C36> Sheet1!B42,K36<3), "Misaligned","Aligned") -> Aligned
A37: Eve | B37: 40 | D37: Other | E37: Sales | F37: Manager | G37: 2020 | H37: 43881 | I37: February | J37: C | K37: 3 | L37: =IF(AND(C37> Sheet1!B43,K37<3), "Misaligned","Aligned") -> Aligned
A38: Ivy | B38: 25 | C38: 60000 | D38: Male | E38: IT | F38: Manager | G38: 2020 | H38: 43881 | I38: February | J38: A | K38: 5 | L38: =IF(AND(C38> Sheet1!B44,K38<3), "Misaligned","Aligned") -> Aligned
A39: Grace | B39: 30 | D39: Male | E39: Marketing | F39: Director | G39: 2020 | H39: 43881 | I39: February | J39: D | K39: 2 | L39: =IF(AND(C39> Sheet1!B45,K39<3), "Misaligned","Aligned") -> Misaligned
A40: Bob | C40: 55000 | D40: Male | E40: HR | F40: Analyst | G40: 2019 | H40: 43800 | I40: December | J40: B | K40: 4 | L40: =IF(AND(C40> Sheet1!B46,K40<3), "Misaligned","Aligned") -> Aligned
A41: David | B41: 25 | C41: 55000 | D41: Female | E41: Finance | F41: Assistant | G41: 2020 | H41: 43881 | I41: February | J41: A | K41: 5 | L41: =IF(AND(C41> Sheet1!B47,K41<3), "Misaligned","Aligned") -> Aligned
A42: Ivy | B42: 40 | C42: 70000 | D42: Female | E42: HR | F42: Assistant | G42: 2018 | H42: 43195 | I42: April | J42: C | K42: 3 | L42: =IF(AND(C42> Sheet1!B48,K42<3), "Misaligned","Aligned") -> Aligned
A43: Bob | B43: 30 | C43: 50000 | D43: Female | E43: Finance | F43: Director | G43: 2019 | H43: 43800 | I43: December | J43: C | K43: 3 | L43: =IF(AND(C43> Sheet1!B49,K43<3), "Misaligned","Aligned") -> Aligned
A44: Jack | B44: 25 | C44: 60000 | D44: Other | E44: Marketing | F44: Director | G44: 2020 | H44: 43881 | I44: February | J44: B | K44: 4 | L44: =IF(AND(C44> Sheet1!B50,K44<3), "Misaligned","Aligned") -> Aligned
A45: Ivy | B45: 35 | C45: 70000 | D45: Male | E45: IT | F45: Analyst | G45: 2020 | H45: 43845 | I45: January | J45: A | K45: 5 | L45: =IF(AND(C45> Sheet1!B51,K45<3), "Misaligned","Aligned") -> Aligned
A46: Jack | C46: 60000 | D46: Other | E46: Sales | F46: Analyst | G46: 2019 | H46: 43549 | I46: March | J46: D | K46: 2 | L46: =IF(AND(C46> Sheet1!B52,K46<3), "Misaligned","Aligned") -> Misaligned
A47: Eve | B47: 25 | C47: 50000 | D47: Female | E47: Marketing | F47: Manager | G47: 2019 | H47: 43549 | I47: March | J47: B | K47: 4 | L47: =IF(AND(C47> Sheet1!B53,K47<3), "Misaligned","Aligned") -> Aligned
A48: Bob | B48: 30 | D48: Other | E48: HR | F48: Assistant | G48: 2019 | H48: 43549 | I48: March | J48: A | K48: 5 | L48: =IF(AND(C48> Sheet1!B54,K48<3), "Misaligned","Aligned") -> Aligned
A49: David | B49: 35 | D49: Male | E49: Sales | F49: Assistant | G49: 2019 | H49: 43800 | I49: December | J49: F | K49: 1 | L49: =IF(AND(C49> Sheet1!B55,K49<3), "Misaligned","Aligned") -> Misaligned
A50: Grace | B50: 50 | C50: 50000 | D50: Male | E50: IT | F50: Director | G50: 2020 | H50: 43881 | I50: February | J50: C | K50: 3 | L50: =IF(AND(C50> Sheet1!B56,K50<3), "Misaligned","Aligned") -> Aligned
A51: Hannah | B51: 30 | C51: 70000 | D51: Female | E51: Marketing | F51: Manager | G51: 2019 | H51: 43800 | I51: December | J51: D | K51: 2 | L51: =IF(AND(C51> Sheet1!B57,K51<3), "Misaligned","Aligned") -> Misaligned
A52: Charlie | B52: 30 | C52: 50000 | D52: Female | E52: Sales | F52: Assistant | G52: 2018 | H52: 43195 | I52: April | J52: D | K52: 2 | L52: =IF(AND(C52> Sheet1!B58,K52<3), "Misaligned","Aligned") -> Misaligned
A53: Alice | B53: 35 | C53: 65000 | D53: Other | E53: Marketing | F53: Manager | G53: 2020 | H53: 43845 | I53: January | J53: D | K53: 2 | L53: =IF(AND(C53> Sheet1!B59,K53<3), "Misaligned","Aligned") -> Misaligned
A54: David | B54: 30 | C54: 55000 | D54: Female | E54: Marketing | F54: Manager | G54: 2020 | H54: 43845 | I54: January | J54: C | K54: 3 | L54: =IF(AND(C54> Sheet1!B60,K54<3), "Misaligned","Aligned") -> Aligned
A55: Bob | B55: 35 | C55: 70000 | D55: Female | E55: IT | F55: Director | G55: 2019 | H55: 43549 | I55: March | J55: A | K55: 5 | L55: =IF(AND(C55> Sheet1!B61,K55<3), "Misaligned","Aligned") -> Aligned
A56: Hannah | B56: 25 | C56: 60000 | D56: Male | E56: Finance | F56: Manager | G56: 2019 | H56: 43549 | I56: March | J56: B | K56: 4 | L56: =IF(AND(C56> Sheet1!B62,K56<3), "Misaligned","Aligned") -> Aligned
A57: David | B57: 35 | C57: 65000 | D57: Female | E57: Sales | F57: Analyst | G57: 2019 | H57: 43549 | I57: March | J57: A | K57: 5 | L57: =IF(AND(C57> Sheet1!B63,K57<3), "Misaligned","Aligned") -> Aligned
A58: Bob | B58: 35 | C58: 70000 | D58: Female | E58: IT | F58: Analyst | G58: 2020 | H58: 43881 | I58: February | J58: B | K58: 4 | L58: =IF(AND(C58> Sheet1!B64,K58<3), "Misaligned","Aligned") -> Aligned
A59: Frank | C59: 50000 | D59: Male | E59: Marketing | F59: Clerk | G59: 2018 | H59: 43195 | I59: April | J59: D | K59: 2 | L59: =IF(AND(C59> Sheet1!B65,K59<3), "Misaligned","Aligned") -> Misaligned
A60: Frank | B60: 35 | C60: 50000 | D60: Male | E60: IT | F60: Director | G60: 2018 | H60: 43195 | I60: April | J60: A | K60: 5 | L60: =IF(AND(C60> Sheet1!B66,K60<3), "Misaligned","Aligned") -> Aligned
A61: Jack | B61: 35 | C61: 50000 | D61: Other | E61: Finance | F61: Clerk | G61: 2018 | H61: 43195 | I61: April | J61: D | K61: 2 | L61: =IF(AND(C61> Sheet1!B67,K61<3), "Misaligned","Aligned") -> Misaligned
A62: David | B62: 50 | C62: 50000 | D62: Female | E62: Sales | F62: Analyst | G62: 2018 | H62: 43195 | I62: April | J62: F | K62: 1 | L62: =IF(AND(C62> Sheet1!B68,K62<3), "Misaligned","Aligned") -> Misaligned
A63: Frank | B63: 25 | C63: 60000 | D63: Male | E63: Finance | F63: Clerk | G63: 2019 | H63: 43549 | I63: March | J63: D | K63: 2 | L63: =IF(AND(C63> Sheet1!B69,K63<3), "Misaligned","Aligned") -> Misaligned
A64: Bob | C64: 65000 | D64: Other | E64: HR | F64: Director | G64: 2020 | H64: 43845 | I64: January | J64: D | K64: 2 | L64: =IF(AND(C64> Sheet1!B70,K64<3), "Misaligned","Aligned") -> Misaligned
A65: Jack | B65: 50 | D65: Other | E65: Sales | F65: Director | G65: 2019 | H65: 43549 | I65: March | J65: B | K65: 4 | L65: =IF(AND(C65> Sheet1!B71,K65<3), "Misaligned","Aligned") -> Aligned
A66: Bob | B66: 40 | C66: 55000 | D66: Female | E66: Finance | F66: Manager | G66: 2018 | H66: 43195 | I66: April | J66: F | K66: 1 | L66: =IF(AND(C66> Sheet1!B72,K66<3), "Misaligned","Aligned") -> Misaligned
A67: Jack | B67: 25 | C67: 60000 | D67: Female | E67: Marketing | F67: Assistant | G67: 2019 | H67: 43549 | I67: March | J67: D | K67: 2 | L67: =IF(AND(C67> Sheet1!B73,K67<3), "Misaligned","Aligned") -> Misaligned
A68: David | B68: 25 | C68: 60000 | D68: Other | E68: Sales | F68: Manager | G68: 2018 | H68: 43195 | I68: April | J68: D | K68: 2 | L68: =IF(AND(C68> Sheet1!B74,K68<3), "Misaligned","Aligned") -> Misaligned
A69: Hannah | B69: 40 | D69: Male | E69: Sales | F69: Director | G69: 2019 | H69: 43800 | I69: December | J69: F | K69: 1 | L69: =IF(AND(C69> Sheet1!B75,K69<3), "Misaligned","Aligned") -> Misaligned
A70: Grace | B70: 35 | D70: Other | E70: IT | F70: Analyst | G70: 2020 | H70: 43845 | I70: January | J70: F | K70: 1 | L70: =IF(AND(C70> Sheet1!B76,K70<3), "Misaligned","Aligned") -> Misaligned
A71: Ivy | B71: 50 | C71: 55000 | D71: Female | E71: Marketing | F71: Analyst | G71: 2019 | H71: 43800 | I71: December | J71: A | K71: 5 | L71: =IF(AND(C71> Sheet1!B77,K71<3), "Misaligned","Aligned") -> Aligned
A72: Hannah | B72: 30 | C72: 55000 | D72: Male | E72: HR | F72: Manager | G72: 2020 | H72: 43881 | I72: February | J72: B | K72: 4 | L72: =IF(AND(C72> Sheet1!B78,K72<3), "Misaligned","Aligned") -> Aligned
A73: Eve | D73: Male | E73: Finance | F73: Director | G73: 2019 | H73: 43549 | I73: March | J73: F | K73: 1 | L73: =IF(AND(C73> Sheet1!B79,K73<3), "Misaligned","Aligned") -> Misaligned
A74: Bob | B74: 30 | C74: 50000 | D74: Other | E74: IT | F74: Analyst | G74: 2020 | H74: 43881 | I74: February | J74: F | K74: 1 | L74: =IF(AND(C74> Sheet1!B80,K74<3), "Misaligned","Aligned") -> Misaligned
A75: Eve | B75: 40 | C75: 60000 | D75: Female | E75: Finance | F75: Director | G75: 2019 | H75: 43549 | I75: March | J75: C | K75: 3 | L75: =IF(AND(C75> Sheet1!B81,K75<3), "Misaligned","Aligned") -> Aligned
A76: Hannah | B76: 25 | C76: 70000 | D76: Other | E76: HR | F76: Analyst | G76: 2019 | H76: 43800 | I76: December | J76: F | K76: 1 | L76: =IF(AND(C76> Sheet1!B82,K76<3), "Misaligned","Aligned") -> Misaligned
A77: Jack | B77: 25 | C77: 55000 | D77: Other | E77: HR | F77: Director | G77: 2018 | H77: 43195 | I77: April | J77: B | K77: 4 | L77: =IF(AND(C77> Sheet1!B83,K77<3), "Misaligned","Aligned") -> Aligned
A78: Ivy | C78: 55000 | D78: Other | E78: Sales | F78: Clerk | G78: 2018 | H78: 43195 | I78: April | J78: D | K78: 2 | L78: =IF(AND(C78> Sheet1!B84,K78<3), "Misaligned","Aligned") -> Misaligned
A79: Ivy | B79: 25 | D79: Male | E79: HR | F79: Director | G79: 2019 | H79: 43549 | I79: March | J79: D | K79: 2 | L79: =IF(AND(C79> Sheet1!B85,K79<3), "Misaligned","Aligned") -> Misaligned
A80: Alice | B80: 25 | C80: 65000 | D80: Male | E80: Finance | F80: Director | G80: 2018 | H80: 43195 | I80: April | J80: D | K80: 2 | L80: =IF(AND(C80> Sheet1!B86,K80<3), "Misaligned","Aligned") -> Misaligned
A81: Ivy | C81: 70000 | D81: Female | E81: Marketing | F81: Manager | G81: 2019 | H81: 43800 | I81: December | J81: D | K81: 2 | L81: =IF(AND(C81> Sheet1!B87,K81<3), "Misaligned","Aligned") -> Misaligned
A82: Grace | B82: 50 | C82: 70000 | D82: Female | E82: Marketing | F82: Clerk | G82: 2018 | H82: 43195 | I82: April | J82: C | K82: 3 | L82: =IF(AND(C82> Sheet1!B88,K82<3), "Misaligned","Aligned") -> Aligned
A83: Ivy | B83: 50 | C83: 55000 | D83: Other | E83: Sales | F83: Assistant | G83: 2019 | H83: 43800 | I83: December | J83: F | K83: 1 | L83: =IF(AND(C83> Sheet1!B89,K83<3), "Misaligned","Aligned") -> Misaligned
A84: Hannah | C84: 50000 | D84: Other | E84: Finance | F84: Manager | G84: 2020 | H84: 43881 | I84: February | J84: D | K84: 2 | L84: =IF(AND(C84> Sheet1!B90,K84<3), "Misaligned","Aligned") -> Misaligned
A85: Alice | B85: 40 | C85: 65000 | D85: Other | E85: Finance | F85: Assistant | G85: 2019 | H85: 43800 | I85: December | J85: A | K85: 5 | L85: =IF(AND(C85> Sheet1!B91,K85<3), "Misaligned","Aligned") -> Aligned
A86: Hannah | B86: 25 | C86: 70000 | D86: Female | E86: HR | F86: Analyst | G86: 2020 | H86: 43845 | I86: January | J86: D | K86: 2 | L86: =IF(AND(C86> Sheet1!B92,K86<3), "Misaligned","Aligned") -> Misaligned
A87: Hannah | B87: 25 | C87: 55000 | D87: Male | E87: Finance | F87: Assistant | G87: 2020 | H87: 43845 | I87: January | J87: F | K87: 1 | L87: =IF(AND(C87> Sheet1!B93,K87<3), "Misaligned","Aligned") -> Misaligned
A88: Charlie | B88: 40 | C88: 70000 | D88: Male | E88: IT | F88: Director | G88: 2020 | H88: 43845 | I88: January | J88: D | K88: 2 | L88: =IF(AND(C88> Sheet1!B94,K88<3), "Misaligned","Aligned") -> Misaligned
A89: Alice | B89: 50 | C89: 65000 | D89: Other | E89: HR | F89: Assistant | G89: 2019 | H89: 43549 | I89: March | J89: C | K89: 3 | L89: =IF(AND(C89> Sheet1!B95,K89<3), "Misaligned","Aligned") -> Aligned
A90: Hannah | B90: 35 | C90: 65000 | D90: Other | E90: IT | F90: Manager | G90: 2019 | H90: 43549 | I90: March | J90: B | K90: 4 | L90: =IF(AND(C90> Sheet1!B96,K90<3), "Misaligned","Aligned") -> Aligned
A91: Charlie | B91: 35 | C91: 60000 | D91: Other | E91: Sales | F91: Manager | G91: 2019 | H91: 43549 | I91: March | J91: B | K91: 4 | L91: =IF(AND(C91> Sheet1!B97,K91<3), "Misaligned","Aligned") -> Aligned
A92: Charlie | B92: 35 | D92: Other | E92: Marketing | F92: Assistant | G92: 2019 | H92: 43800 | I92: December | J92: F | K92: 1 | L92: =IF(AND(C92> Sheet1!B98,K92<3), "Misaligned","Aligned") -> Misaligned
A93: Alice | B93: 50 | D93: Female | E93: Sales | F93: Manager | G93: 2019 | H93: 43549 | I93: March | J93: B | K93: 4 | L93: =IF(AND(C93> Sheet1!B99,K93<3), "Misaligned","Aligned") -> Aligned
A94: Eve | B94: 50 | C94: 55000 | D94: Male | E94: Marketing | F94: Manager | G94: 2020 | H94: 43881 | I94: February | J94: B | K94: 4 | L94: =IF(AND(C94> Sheet1!B100,K94<3), "Misaligned","Aligned") -> Aligned
A95: Jack | B95: 40 | C95: 65000 | D95: Other | E95: Sales | F95: Assistant | G95: 2020 | H95: 43845 | I95: January | J95: A | K95: 5 | L95: =IF(AND(C95> Sheet1!B101,K95<3), "Misaligned","Aligned") -> Aligned
A96: Grace | B96: 25 | C96: 60000 | D96: Female | E96: Finance | F96: Clerk | G96: 2019 | H96: 43800 | I96: December | J96: F | K96: 1 | L96: =IF(AND(C96> Sheet1!B102,K96<3), "Misaligned","Aligned") -> Misaligned
A97: Jack | B97: 40 | C97: 60000 | D97: Other | E97: IT | F97: Clerk | G97: 2020 | H97: 43845 | I97: January | J97: F | K97: 1 | L97: =IF(AND(C97> Sheet1!B103,K97<3), "Misaligned","Aligned") -> Misaligned
A98: Ivy | B98: 40 | C98: 70000 | D98: Other | E98: Marketing | F98: Analyst | G98: 2019 | H98: 43549 | I98: March | J98: B | K98: 4 | L98: =IF(AND(C98> Sheet1!B104,K98<3), "Misaligned","Aligned") -> Aligned
A99: Grace | B99: 50 | C99: 70000 | D99: Male | E99: HR | F99: Manager | G99: 2019 | H99: 43800 | I99: December | J99: B | K99: 4 | L99: =IF(AND(C99> Sheet1!B105,K99<3), "Misaligned","Aligned") -> Aligned
A100: Ivy | B100: 35 | C100: 60000 | D100: Other | E100: IT | F100: Assistant | G100: 2018 | H100: 43195 | I100: April | J100: B | K100: 4 | L100: =IF(AND(C100> Sheet1!B106,K100<3), "Misaligned","Aligned") -> Aligned
...
